Pen;Allows to write;10;2.0;example.com;;MyProject;
Pen;Allows to write;10;2.0;example.com;;MyProject2;
Pen;Allows to write;10;2.0;example.com;;MyProject3;
New Article 1;New Article Desciption;0;0.0;;;MyProject;
New Article 2;New Article Desciption;0;0.0;;;MyProject;
New Article 3;New Article Desciption;0;0.0;;;MyProject;
New Article 4;New Article Desciption;0;0.0;;;MyProject;
New Article 5;New Article Desciption;0;0.0;;;MyProject;
New Article 6;New Article Desciption;0;0.0;;;MyProject;
New Article 7;New Article Desciption;0;0.0;;;MyProject;
New Article 8;New Article Desciption;0;0.0;;;MyProject;
New Article 1;New Article Desciption;0;0.0;;;MyProject2;
New Article 2;New Article Desciption;0;0.0;;;MyProject2;
New Article 9;New Article Desciption;0;0.0;;;MyProject;
New Article 10;New Article Desciption;0;0.0;;;MyProject;
New Article 11;New Article Desciption;0;0.0;;;MyProject;
New Article 12;New Article Desciption;0;0.0;;;MyProject;
New Article 13;New Article Desciption;0;0.0;;;MyProject;
New Article 14;New Article Desciption;0;0.0;;;MyProject;
New Article 15;New Article Desciption;0;0.0;;;MyProject;
New Article 16;New Article Desciption;0;0.0;;;MyProject;
New Article 17;New Article Desciption;0;0.0;;;MyProject;
New Article 18;New Article Desciption;0;0.0;;;MyProject;
New Article 3;New Article Desciption;0;0.0;;;MyProject2;
New Article 4;New Article Desciption;0;0.0;;;MyProject2;
New Article 5;New Article Desciption;0;0.0;;;MyProject2;
New Article 6;New Article Desciption;0;0.0;;;MyProject2;
New Article 7;New Article Desciption;0;0.0;;;MyProject2;
New Article 8;New Article Desciption;0;0.0;;;MyProject2;
New Article 9;New Article Desciption;0;0.0;;;MyProject2;
